id;nom_complet;rv_1;date_dispo;competence_principale;exp;tranche_exp;ecole;classe_ecole;fonctions;date_rv_1;rv_2;metiers;origine_piste;date_entree;date_debut
1;Regional;Bedfordshire;2019-12-23T08:01:44;Ergonomic Soft Shoes;62790;Sleek GB Regional;Home;primary quantify Chips;Guyana;2019-12-23T02:25:17;Polarised navigate;Roads bypass;Concrete;2019-12-23T21:24:13;2019-12-23T07:28:41
2;Internal Buckinghamshire Antarctica (the territory South of 60 deg S);ADP;2019-12-23T16:05:56;enhance Gorgeous;73740;Chair Kentucky;blue internet solution Concrete;distributed Ranch impactful;Berkshire Awesome;2019-12-23T11:42:28;Nevada quantify architectures;empower;customized payment;2019-12-23T10:53:59;2019-12-23T18:44:02
3;Cambridgeshire methodology;Adaptive Intelligent Pants;2019-12-23T18:41:43;Pizza blue;28509;Car Internal Small;Grocery Rand Namibia Dollar;Fresh incubate Agent;Jewelery Engineer Bedfordshire;2019-12-23T07:14:56;programming hard drive Mexico;stable override;Director;2019-12-23T07:32:08;2019-12-23T14:23:16
4;Buckinghamshire;Bouvet Island (Bouvetoya);2019-12-23T07:37:30;copy Awesome;50610;Applications;Montenegro;frictionless;Rubber Awesome Frozen Mouse;2019-12-23T16:51:43;primary Customer-focused UAE Dirham;Rubber Mall Investment Account;scalable Configuration calculating;2019-12-23T01:26:16;2019-12-23T14:47:38
5;Mobility;Implementation Shirt Unbranded Soft Fish;2019-12-23T10:48:40;synthesizing;13977;1080p indigo Bacon;gold;payment;National structure;2019-12-23T10:28:45;Tanzanian Shilling Lights;e-enable Plaza intranet;convergence Idaho customized;2019-12-23T15:12:10;2019-12-23T15:23:06
6;Bahrain Future;Bouvet Island (Bouvetoya) experiences;2019-12-23T16:36:39;array Belize Dollar;16673;HDD Borders reboot;mobile Cheese;program;hack Electronics Oklahoma;2019-12-23T06:17:58;USB scalable;Bosnia and Herzegovina generate Creek;syndicate haptic;2019-12-23T21:00:01;2019-12-23T12:55:33
7;models;driver payment Mexican Peso Mexican Unidad de Inversion (UDI);2019-12-23T11:34:23;Persistent transparent Chips;90845;Idaho strategize;value-added Savings Account;Connecticut Avon Money Market Account;bus;2019-12-23T10:22:02;Awesome International solid state;alarm;quantify;2019-12-23T15:36:43;2019-12-23T10:02:14
8;markets;Unbranded programming District;2019-12-23T21:39:03;Visionary;16552;yellow programming strategy;Czech Republic;Investment Account streamline;sticky neural Kids;2019-12-23T16:35:40;synergize;JSON National;interactive capacitor;2019-12-23T13:44:43;2019-12-23T10:30:32
9;Grocery;Concrete Towels Avon;2019-12-23T14:32:39;Product;36239;Indiana deposit Electronics;Bedfordshire Strategist;Towels applications;Zimbabwe;2019-12-23T20:10:16;matrices application;index indigo;sticky Expressway Checking Account;2019-12-23T15:31:59;2019-12-23T13:16:08
10;New Jersey Gorgeous Soft Fish Mountain;Japan Knoll;2019-12-23T12:40:12;hack Intelligent;33436;Tasty navigate didactic;payment schemas Industrial;calculating;withdrawal Toys white;2019-12-23T19:03:09;Moldovan Leu;Checking Account;multi-byte Salad;2019-12-23T08:55:57;2019-12-23T11:14:14
