id;nom_complet;rv_1;date_dispo;competence_principale;exp;tranche_exp;ecole;classe_ecole;fonctions;date_rv_1;rv_2;metiers;origine_piste
1;payment e-markets system;Organic;2019-12-23T16:03:18;hack;1439;Wooden Ergonomic Steel Gloves;Developer Shoes Music;Buckinghamshire Hollow Shoes;withdrawal Generic Frozen Tuna;2019-12-23T03:19:05;explicit;Personal Loan Account;Cambridgeshire Norfolk Island
2;Soap Tasty Metal Sausages Outdoors;invoice multi-byte;2019-12-23T08:20:47;North Carolina Granite;81120;parsing Investment Account;Branding Dynamic black;yellow;Books Generic;2019-12-23T08:12:23;Handcrafted Plastic Shirt quantifying;wireless;hybrid
3;Solomon Islands Dollar;Personal Loan Account HTTP;2019-12-23T06:57:24;mobile intermediate;17743;quantify multi-byte;interface Cotton Robust;user-centric Infrastructure;Managed Dobra application;2019-12-23T18:52:50;iterate;Berkshire navigating;superstructure
4;streamline;Interactions;2019-12-23T04:16:01;granular;95680;CFP Franc Borders Borders;Common;Money Market Account;Danish Krone parse;2019-12-23T05:36:02;back-end Unbranded Cambridgeshire;Designer;mindshare
5;Guam bandwidth Liaison;program Auto Loan Account Refined;2019-12-23T22:34:47;Algerian Dinar Fantastic Fresh Salad;70624;Sleek;Visionary;exploit transition;User-centric Principal Pennsylvania;2019-12-23T16:11:35;bandwidth Buckinghamshire;Oklahoma communities;array supply-chains Advanced
6;Parkway Handmade Wooden Cheese;quantifying;2019-12-23T06:44:15;Naira Versatile seize;47771;Refined;Mandatory Assistant;Strategist;Incredible Fresh Car Tuvalu;2019-12-23T00:46:03;Gorgeous Rubber Chicken Associate Central African Republic;magenta heuristic;Credit Card Account Maryland Legacy
7;Product;Brand Regional Court;2019-12-23T09:42:55;client-driven olive;46369;one-to-one Indiana;holistic;Architect;Beauty dynamic schemas;2019-12-23T10:07:54;clear-thinking Frozen Licensed;Group hard drive Personal Loan Account;Unbranded SCSI
8;Rustic Steel Shirt drive;Ways Liaison engage;2019-12-23T06:36:31;redefine transmitting;56908;Practical Steel Shirt Plastic Movies;SMS;Zimbabwe parse Customer;input Accounts;2019-12-23T04:12:25;Ergonomic Falls;User-friendly;Savings Account
9;SMTP;Checking Account global Steel;2019-12-23T08:28:50;Kyrgyz Republic transmit;52016;SAS;Planner Refined;engage Granite Grocery;bluetooth payment digital;2019-12-23T02:55:22;Checking Account;seamless New York mesh;Unbranded array
10;Berkshire solid state;middleware Switzerland;2019-12-23T07:51:18;back-end Via indexing;76891;Practical Steel Chips;Berkshire concept;Illinois robust;Granite Rubber;2019-12-23T20:57:09;Metal deposit;Rupiah;Human Mission
